{
  "StreamingMaxPool_hls_0": {
    "BRAM_18K": "0",
    "FF": "619",
    "LUT": "1948",
    "DSP48E": 0,
    "URAM": "0",
    "DSP": "0"
  },
  "MVAU_hls_0": {
    "BRAM_18K": "0",
    "FF": "4094",
    "LUT": "8618",
    "DSP48E": 0,
    "URAM": "0",
    "DSP": "176"
  },
  "StreamingMaxPool_hls_1": {
    "BRAM_18K": "0",
    "FF": "757",
    "LUT": "2388",
    "DSP48E": 0,
    "URAM": "0",
    "DSP": "0"
  },
  "MVAU_hls_1": {
    "BRAM_18K": "0",
    "FF": "3434",
    "LUT": "7531",
    "DSP48E": 0,
    "URAM": "0",
    "DSP": "110"
  },
  "StreamingMaxPool_hls_2": {
    "BRAM_18K": "0",
    "FF": "879",
    "LUT": "2830",
    "DSP48E": 0,
    "URAM": "0",
    "DSP": "0"
  },
  "MVAU_hls_2": {
    "BRAM_18K": "0",
    "FF": "2478",
    "LUT": "2385",
    "DSP48E": 0,
    "URAM": "0",
    "DSP": "39"
  },
  "StreamingMaxPool_hls_3": {
    "BRAM_18K": "0",
    "FF": "985",
    "LUT": "3289",
    "DSP48E": 0,
    "URAM": "0",
    "DSP": "0"
  },
  "MVAU_hls_3": {
    "BRAM_18K": "0",
    "FF": "6807",
    "LUT": "2744",
    "DSP48E": 0,
    "URAM": "0",
    "DSP": "3"
  }
}