{
  "Defaults": {},
  "StreamingMaxPool_hls_0": {
    "PE": 1
  },
  "FMPadding_rtl_0": {
    "SIMD": 12
  },
  "ConvolutionInputGenerator_rtl_0": {
    "SIMD": 12,
    "parallel_window": 1,
    "ram_style": "distributed"
  },
  "MVAU_hls_0": {
    "PE": 16,
    "SIMD": 18,
    "ram_style": "auto",
    "resType": "auto",
    "mem_mode": "internal_decoupled",
    "runtime_writeable_weights": 0
  },
  "StreamingMaxPool_hls_1": {
    "PE": 1
  },
  "FMPadding_rtl_1": {
    "SIMD": 16
  },
  "ConvolutionInputGenerator_rtl_1": {
    "SIMD": 8,
    "parallel_window": 0,
    "ram_style": "distributed"
  },
  "MVAU_hls_1": {
    "PE": 10,
    "SIMD": 18,
    "ram_style": "auto",
    "resType": "auto",
    "mem_mode": "internal_decoupled",
    "runtime_writeable_weights": 0
  },
  "StreamingMaxPool_hls_2": {
    "PE": 1
  },
  "FMPadding_rtl_2": {
    "SIMD": 20
  },
  "ConvolutionInputGenerator_rtl_2": {
    "SIMD": 2,
    "parallel_window": 0,
    "ram_style": "distributed"
  },
  "MVAU_hls_2": {
    "PE": 3,
    "SIMD": 20,
    "ram_style": "auto",
    "resType": "auto",
    "mem_mode": "internal_decoupled",
    "runtime_writeable_weights": 0
  },
  "StreamingMaxPool_hls_3": {
    "PE": 1
  },
  "MVAU_hls_3": {
    "PE": 1,
    "SIMD": 6,
    "ram_style": "auto",
    "resType": "auto",
    "mem_mode": "internal_decoupled",
    "runtime_writeable_weights": 0
  },
  "MVAU_rtl_0": {
    "PE": 1,
    "SIMD": 1,
    "ram_style": "auto",
    "resType": "auto",
    "mem_mode": "internal_decoupled",
    "runtime_writeable_weights": 0
  }
}