{
  "Defaults": {},
  "StreamingFIFO_rtl_0": {
    "ram_style": "auto",
    "depth": 7710,
    "impl_style": "rtl",
    "inFIFODepths": [
      0
    ],
    "outFIFODepths": [
      0
    ]
  },
  "StreamingMaxPool_hls_0": {
    "PE": 1,
    "inFIFODepths": [
      7710
    ],
    "outFIFODepths": [
      2
    ]
  },
  "StreamingFIFO_rtl_1": {
    "ram_style": "auto",
    "depth": 2,
    "impl_style": "rtl",
    "inFIFODepths": [
      0
    ],
    "outFIFODepths": [
      0
    ]
  },
  "FMPadding_rtl_0": {
    "SIMD": 12,
    "inFIFODepths": [
      2
    ],
    "outFIFODepths": [
      2
    ]
  },
  "StreamingFIFO_rtl_2": {
    "ram_style": "auto",
    "depth": 2,
    "impl_style": "rtl",
    "inFIFODepths": [
      0
    ],
    "outFIFODepths": [
      0
    ]
  },
  "ConvolutionInputGenerator_rtl_0": {
    "SIMD": 12,
    "parallel_window": 1,
    "ram_style": "distributed",
    "inFIFODepths": [
      2
    ],
    "outFIFODepths": [
      1144
    ]
  },
  "StreamingFIFO_rtl_3": {
    "ram_style": "auto",
    "depth": 1144,
    "impl_style": "vivado",
    "inFIFODepths": [
      0
    ],
    "outFIFODepths": [
      0
    ]
  },
  "StreamingDataWidthConverter_rtl_0": {
    "inFIFODepths": [
      1144
    ],
    "outFIFODepths": [
      32
    ]
  },
  "StreamingFIFO_rtl_4": {
    "ram_style": "auto",
    "depth": 32,
    "impl_style": "rtl",
    "inFIFODepths": [
      0
    ],
    "outFIFODepths": [
      0
    ]
  },
  "MVAU_hls_0": {
    "PE": 16,
    "SIMD": 18,
    "ram_style": "auto",
    "resType": "auto",
    "mem_mode": "internal_decoupled",
    "runtime_writeable_weights": 0,
    "inFIFODepths": [
      32
    ],
    "outFIFODepths": [
      32
    ]
  },
  "StreamingFIFO_rtl_5": {
    "ram_style": "auto",
    "depth": 32,
    "impl_style": "rtl",
    "inFIFODepths": [
      0
    ],
    "outFIFODepths": [
      0
    ]
  },
  "StreamingMaxPool_hls_1": {
    "PE": 1,
    "inFIFODepths": [
      32
    ],
    "outFIFODepths": [
      2
    ]
  },
  "StreamingFIFO_rtl_6": {
    "ram_style": "auto",
    "depth": 2,
    "impl_style": "rtl",
    "inFIFODepths": [
      0
    ],
    "outFIFODepths": [
      0
    ]
  },
  "FMPadding_rtl_1": {
    "SIMD": 16,
    "inFIFODepths": [
      2
    ],
    "outFIFODepths": [
      51
    ]
  },
  "StreamingFIFO_rtl_7": {
    "ram_style": "auto",
    "depth": 51,
    "impl_style": "rtl",
    "inFIFODepths": [
      0
    ],
    "outFIFODepths": [
      0
    ]
  },
  "StreamingDataWidthConverter_rtl_1": {
    "inFIFODepths": [
      51
    ],
    "outFIFODepths": [
      176
    ]
  },
  "StreamingFIFO_rtl_8": {
    "ram_style": "auto",
    "depth": 176,
    "impl_style": "rtl",
    "inFIFODepths": [
      0
    ],
    "outFIFODepths": [
      0
    ]
  },
  "ConvolutionInputGenerator_rtl_1": {
    "SIMD": 8,
    "parallel_window": 0,
    "ram_style": "distributed",
    "inFIFODepths": [
      176
    ],
    "outFIFODepths": [
      2
    ]
  },
  "StreamingFIFO_rtl_9": {
    "ram_style": "auto",
    "depth": 2,
    "impl_style": "rtl",
    "inFIFODepths": [
      0
    ],
    "outFIFODepths": [
      0
    ]
  },
  "StreamingDataWidthConverter_hls_0": {
    "inFIFODepths": [
      2
    ],
    "outFIFODepths": [
      2
    ]
  },
  "StreamingFIFO_rtl_10": {
    "ram_style": "auto",
    "depth": 2,
    "impl_style": "rtl",
    "inFIFODepths": [
      0
    ],
    "outFIFODepths": [
      0
    ]
  },
  "MVAU_hls_1": {
    "PE": 10,
    "SIMD": 18,
    "ram_style": "auto",
    "resType": "auto",
    "mem_mode": "internal_decoupled",
    "runtime_writeable_weights": 0,
    "inFIFODepths": [
      2
    ],
    "outFIFODepths": [
      2
    ]
  },
  "StreamingFIFO_rtl_11": {
    "ram_style": "auto",
    "depth": 2,
    "impl_style": "rtl",
    "inFIFODepths": [
      0
    ],
    "outFIFODepths": [
      0
    ]
  },
  "StreamingDataWidthConverter_rtl_2": {
    "inFIFODepths": [
      2
    ],
    "outFIFODepths": [
      2
    ]
  },
  "StreamingFIFO_rtl_12": {
    "ram_style": "auto",
    "depth": 2,
    "impl_style": "rtl",
    "inFIFODepths": [
      0
    ],
    "outFIFODepths": [
      0
    ]
  },
  "StreamingMaxPool_hls_2": {
    "PE": 1,
    "inFIFODepths": [
      2
    ],
    "outFIFODepths": [
      2
    ]
  },
  "StreamingFIFO_rtl_13": {
    "ram_style": "auto",
    "depth": 2,
    "impl_style": "rtl",
    "inFIFODepths": [
      0
    ],
    "outFIFODepths": [
      0
    ]
  },
  "FMPadding_rtl_2": {
    "SIMD": 20,
    "inFIFODepths": [
      2
    ],
    "outFIFODepths": [
      48
    ]
  },
  "StreamingFIFO_rtl_14": {
    "ram_style": "auto",
    "depth": 48,
    "impl_style": "rtl",
    "inFIFODepths": [
      0
    ],
    "outFIFODepths": [
      0
    ]
  },
  "StreamingDataWidthConverter_rtl_3": {
    "inFIFODepths": [
      48
    ],
    "outFIFODepths": [
      469
    ]
  },
  "StreamingFIFO_rtl_15": {
    "ram_style": "auto",
    "depth": 469,
    "impl_style": "vivado",
    "inFIFODepths": [
      0
    ],
    "outFIFODepths": [
      0
    ]
  },
  "ConvolutionInputGenerator_rtl_2": {
    "SIMD": 2,
    "parallel_window": 0,
    "ram_style": "distributed",
    "inFIFODepths": [
      469
    ],
    "outFIFODepths": [
      2
    ]
  },
  "StreamingFIFO_rtl_16": {
    "ram_style": "auto",
    "depth": 2,
    "impl_style": "rtl",
    "inFIFODepths": [
      0
    ],
    "outFIFODepths": [
      0
    ]
  },
  "StreamingDataWidthConverter_rtl_4": {
    "inFIFODepths": [
      2
    ],
    "outFIFODepths": [
      32
    ]
  },
  "StreamingFIFO_rtl_17": {
    "ram_style": "auto",
    "depth": 32,
    "impl_style": "rtl",
    "inFIFODepths": [
      0
    ],
    "outFIFODepths": [
      0
    ]
  },
  "MVAU_hls_2": {
    "PE": 3,
    "SIMD": 20,
    "ram_style": "auto",
    "resType": "auto",
    "mem_mode": "internal_decoupled",
    "runtime_writeable_weights": 0,
    "inFIFODepths": [
      32
    ],
    "outFIFODepths": [
      2
    ]
  },
  "StreamingFIFO_rtl_18": {
    "ram_style": "auto",
    "depth": 2,
    "impl_style": "rtl",
    "inFIFODepths": [
      0
    ],
    "outFIFODepths": [
      0
    ]
  },
  "StreamingDataWidthConverter_rtl_5": {
    "inFIFODepths": [
      2
    ],
    "outFIFODepths": [
      2
    ]
  },
  "StreamingFIFO_rtl_19": {
    "ram_style": "auto",
    "depth": 2,
    "impl_style": "rtl",
    "inFIFODepths": [
      0
    ],
    "outFIFODepths": [
      0
    ]
  },
  "StreamingMaxPool_hls_3": {
    "PE": 1,
    "inFIFODepths": [
      2
    ],
    "outFIFODepths": [
      32
    ]
  },
  "StreamingFIFO_rtl_20": {
    "ram_style": "auto",
    "depth": 32,
    "impl_style": "rtl",
    "inFIFODepths": [
      0
    ],
    "outFIFODepths": [
      0
    ]
  },
  "StreamingDataWidthConverter_rtl_6": {
    "inFIFODepths": [
      32
    ],
    "outFIFODepths": [
      158
    ]
  },
  "StreamingFIFO_rtl_21": {
    "ram_style": "auto",
    "depth": 158,
    "impl_style": "rtl",
    "inFIFODepths": [
      0
    ],
    "outFIFODepths": [
      0
    ]
  },
  "MVAU_hls_3": {
    "PE": 1,
    "SIMD": 6,
    "ram_style": "auto",
    "resType": "auto",
    "mem_mode": "internal_decoupled",
    "runtime_writeable_weights": 0,
    "inFIFODepths": [
      158
    ],
    "outFIFODepths": [
      2
    ]
  },
  "StreamingFIFO_rtl_22": {
    "ram_style": "auto",
    "depth": 2,
    "impl_style": "rtl",
    "inFIFODepths": [
      0
    ],
    "outFIFODepths": [
      0
    ]
  },
  "MVAU_rtl_0": {
    "PE": 1,
    "SIMD": 1,
    "ram_style": "auto",
    "resType": "auto",
    "mem_mode": "internal_decoupled",
    "runtime_writeable_weights": 0,
    "inFIFODepths": [
      2
    ],
    "outFIFODepths": [
      2
    ]
  },
  "StreamingFIFO_rtl_23": {
    "ram_style": "auto",
    "depth": 2,
    "impl_style": "rtl",
    "inFIFODepths": [
      0
    ],
    "outFIFODepths": [
      0
    ]
  }
}